<?xml version="1.0" encoding="UTF-8"?>
<!DOCTYPE hibernate-configuration SYSTEM 
"http://www.hibernate.org/dtd/hibernate-configuration-3.0.dtd">
<hibernate-configuration>
   <session-factory>
   <property name="connection.driver_class">oracle.jdbc.driver.OracleDriver</property>
   <property name="connection.url">jdbc:oracle:thin:@localhost:1521:orcl</property>
   <property name="connection.username">hr</property>
   <property name="connection.password">hr</property>
   <!--  JDBC connection pool(use the build-in -->
   <property name="conection.pool_size">1</property>
   <property name="hibernate.dialect">org.hibernate.dialect.Oracle10gDialect</property>
   <!-- SQL dailect -->
   <!-- Disable the second -level cache -->
   <property name="show_sql">true</property>
   <property name="hbm2ddl.auto">create</property>
  	<!-- Mention here all the model classes along with their package name -->
  	<mapping class='hibernate.Student'/>
  	
   </session-factory>
   </hibernate-configuration>