<?xml version="1.0" encoding="UTF-8"?>
<!DOCTYPE hibernate-configuration SYSTEM 
"http://www.hibernate.org/dtd/hibernate-configuration-3.0.dtd">
<hibernate-configuration>
   <session-factory>
   <property name="connection.driver_class">oracle.jdbc.driver.OracleDriver</property>
   <property name="connection.url">jdbc:oracle:thin:@localhost:1521:orcl</property>
   <property name="connection.username">hr</property>
   <property name="connection.password">hr</property>
   <!--  JDBC connection pool(use the build-in -->
   
   <property name="hibernate.dialect">org.hibernate.dialect.Oracle10gDialect</property>
   
   </session-factory>
   </hibernate-configuration>